{
  "low_speed_gains": [
    0.323,
    0.079,
    -0.126
  ],
  "high_speed_gains": [
    0.168,
    0.005,
    -0.067
  ],
  "dynamic_gains": [
    0.336,
    0.136,
    -0.08
  ],
  "best_cost": 82.87366199107313,
  "combination_id": 121,
  "timestamp": 1753129797.7386544
}