{
  "low_gains": [
    0.423,
    0.07,
    -0.05
  ],
  "high_gains": [
    0.273,
    0.025,
    -0.032
  ],
  "best_cost": 256.7943196019598,
  "baseline_cost": 106.9,
  "improvement": -149.89431960195978,
  "optimization_type": "comprehensive_blended_2pid",
  "num_combinations_tested": 300
}