{
  "low_gains": [
    0.423,
    0.07,
    -0.05
  ],
  "high_gains": [
    0.273,
    0.025,
    -0.032
  ],
  "best_cost": 256.7943196019598,
  "combination_id": 258,
  "timestamp": 1754092668.620374
}