{
  "low_gains": [
    0.34,
    0.027,
    -0.074
  ],
  "high_gains": [
    0.291,
    0.006,
    -0.057
  ],
  "best_cost": 1279.2040798681949,
  "combination_id": 9,
  "timestamp": 1753378883.4240432
}