{
  "low_gains": [
    0.286,
    0.094,
    -0.088
  ],
  "high_gains": [
    0.155,
    0.005,
    -0.03
  ],
  "best_cost": 76.8050092470897,
  "combination_id": 278,
  "timestamp": 1753324545.143123
}