{
  "low_gains": [
    0.3,
    0.03,
    -0.1
  ],
  "high_gains": [
    0.2,
    0.01,
    -0.05
  ],
  "best_cost": 2454.532947418829,
  "combination_id": 0,
  "timestamp": 1754090613.2356339
}