{
  "low_gains": [
    0.286,
    0.094,
    -0.088
  ],
  "high_gains": [
    0.155,
    0.005,
    -0.03
  ],
  "best_cost": 76.80879334268474,
  "combination_id": 278,
  "timestamp": 1753302568.1157272
}