{
  "validation_timestamp": 1753328410.909658,
  "num_files_tested": 100,
  "max_files_limit": 100,
  "controllers": [
    {
      "controller_name": "Baseline (Fallback)",
      "num_files": 100,
      "avg_total_cost": 155.78885201827845,
      "std_cost": 188.47997114150544,
      "min_cost": 5.235573789826871,
      "max_cost": 1502.4676871538097,
      "median_cost": 117.67966116425183,
      "p75_cost": 167.19968839733914,
      "p90_cost": 249.20444382882698,
      "total_time": 34.838595390319824,
      "avg_time_per_file": 0.34838595390319826,
      "low_gains": [
        0.3,
        0.05,
        0.1
      ],
      "high_gains": [
        0.15,
        0.01,
        0.05
      ]
    },
    {
      "controller_name": "Grid Search Winner (cost=76.81)",
      "num_files": 100,
      "avg_total_cost": 102.79690901411789,
      "std_cost": 108.88347132804087,
      "min_cost": 5.01993184041566,
      "max_cost": 843.140101095632,
      "median_cost": 81.1118586307641,
      "p75_cost": 110.78641062364821,
      "p90_cost": 159.66376817637666,
      "total_time": 34.798094272613525,
      "avg_time_per_file": 0.3479809427261353,
      "low_gains": [
        0.286,
        0.094,
        -0.088
      ],
      "high_gains": [
        0.155,
        0.005,
        -0.03
      ]
    },
    {
      "controller_name": "Tournament Winner (cost=58.95)",
      "num_files": 100,
      "avg_total_cost": 91.01325908381783,
      "std_cost": 98.01145327437347,
      "min_cost": 5.67083761657728,
      "max_cost": 706.1534441628133,
      "median_cost": 71.06458067190177,
      "p75_cost": 97.090703658541,
      "p90_cost": 150.72331616320056,
      "total_time": 34.738956928253174,
      "avg_time_per_file": 0.34738956928253173,
      "low_gains": [
        0.25,
        0.12,
        -0.092
      ],
      "high_gains": [
        0.203,
        0.08,
        -0.098
      ]
    }
  ],
  "comparative_analysis": {
    "baseline_cost": 155.78885201827845,
    "grid_search_cost": 102.79690901411789,
    "tournament_cost": 91.01325908381783,
    "grid_improvement_pct": 34.0152342851484,
    "tournament_improvement_pct": 41.579093815301114,
    "tournament_vs_grid_pct": 11.46303915488521
  }
}