{
  "low_speed_gains": [
    0.385,
    0.085,
    -0.084
  ],
  "high_speed_gains": [
    0.169,
    0.01,
    -0.103
  ],
  "dynamic_gains": [
    0.331,
    0.088,
    -0.126
  ],
  "best_cost": 82.55663143321777,
  "baseline_cost": 106.9,
  "improvement": 24.34336856678223,
  "optimization_type": "comprehensive",
  "num_combinations_tested": 300
}