{
  "tournament": "Neural Blending Phase (Full Dataset Test)",
  "sample_size": 100,
  "total_available_files": 20000,
  "baseline_cost": 324.828377557437,
  "full_dataset_neural_cost": 566.3285576696276,
  "median_cost": 289.8877141400656,
  "min_cost": 23.651269502058483,
  "max_cost": 5738.619012183798,
  "std_deviation": 905.6221275411116,
  "improvement": -241.50018011219055,
  "better_than_baseline_count": 56,
  "worse_than_baseline_count": 44,
  "better_percentage": 56.00000000000001,
  "status": "full_dataset_test_successful",
  "note": "Statistically significant sample test of Tournament #3 fallback mode",
  "timestamp": 1753916180.724685,
  "costs_sample": [
    452.79718796822397,
    407.1630901111272,
    412.80592587336423,
    26.434997245251974,
    131.77476219278503,
    367.2213326932823,
    209.31351091291216,
    539.638176960546,
    269.5474885698041,
    282.65290951658676,
    351.4507677319067,
    275.709105183333,
    1531.5211307486193,
    277.173035278248,
    325.48710158289055,
    215.65081638679533,
    770.7226933381186,
    23.651269502058483,
    203.54449909971993,
    167.18418568471864
  ]
}