{
  "low_gains": [
    0.25,
    0.12,
    -0.092
  ],
  "high_gains": [
    0.203,
    0.08,
    -0.098
  ],
  "cost": 58.94887836229333,
  "stats": {
    "avg_total_cost": 58.94887836229333,
    "std_cost": 23.17174881299039,
    "min_cost": 35.41874746019638,
    "max_cost": 99.26655898588646,
    "num_files": 5
  }
}