{
  "best_cost": 180.6989588041915,
  "baseline_cost": 270.6177744677267,
  "improvement": 89.91881566353518,
  "winning_architecture": {
    "id": "ab3e6b2c",
    "hidden_sizes": [
      32,
      16
    ],
    "dropout_rate": 0.25
  }
}