{
  "best_cost": 1564.7328346149493,
  "baseline_cost": 817.600763050863,
  "improvement": -747.1320715640863,
  "winning_architecture": {
    "id": "10c7c610",
    "hidden_sizes": [
      16,
      16
    ],
    "dropout_rate": 0.15
  }
}