{
  "best_cost": 702.8108282421684,
  "baseline_cost": 599.1272778649817,
  "improvement": -103.68355037718675,
  "winning_architecture": {
    "id": "10c7c610",
    "hidden_sizes": [
      16,
      16
    ],
    "dropout_rate": 0.15
  }
}