{
  "best_cost": 670.0754370614558,
  "baseline_cost": 599.1272778649817,
  "improvement": -70.94815919647408,
  "winning_architecture": {
    "id": "28a14a0a",
    "hidden_sizes": [
      32,
      48,
      48
    ],
    "dropout_rate": 0.05
  }
}