{
  "best_cost": 3134.9355113791335,
  "baseline_cost": 643.4342144926561,
  "improvement": -2491.5012968864776,
  "winning_architecture": {
    "id": "530e300e",
    "hidden_sizes": [
      24,
      48,
      32
    ],
    "dropout_rate": 0.15
  }
}