{
  "best_strategy": {
    "type": "speed_threshold",
    "speed_threshold": 55.328269441159115,
    "low_speed_weight": 0.9653642790035079,
    "high_speed_weight": 0.1634138169550604,
    "id": "thresh_04_m_m_m",
    "cost": 45.702024181701624
  },
  "best_cost": 45.702024181701624,
  "optimization_config": {
    "rounds": 8,
    "pop_size": 15,
    "max_files": 15
  },
  "pid_parameters": {
    "pid1": [
      0.291,
      0.12,
      -0.082
    ],
    "pid2": [
      0.15,
      0.06,
      -0.038
    ]
  }
}