{
  "champion_cost": 491.6609854077333,
  "tournament_2_baseline": 1555.359729362273,
  "improvement": 1063.6987439545396,
  "best_architecture": {
    "hidden_sizes": [
      32,
      32
    ],
    "dropout_rate": 0.1,
    "id": "36613f40",
    "cost": 491.6609854077333
  },
  "best_pid_params": {
    "low_gains": [
      0.34,
      0.027,
      -0.074
    ],
    "high_gains": [
      0.291,
      0.006,
      -0.057
    ]
  },
  "tournament_config": {
    "rounds": 1,
    "pop_size": 5,
    "max_files": 5
  }
}