{
  "champion_cost": 191.8318687393971,
  "tournament_2_baseline": 292.8309062270364,
  "improvement": 100.9990374876393,
  "best_architecture": {
    "hidden_sizes": [
      24,
      48,
      32
    ],
    "dropout_rate": 0.05,
    "id": "07c69007",
    "cost": 191.8318687393971
  },
  "best_pid_params": {
    "low_gains": [
      0.505,
      0.01,
      -0.05
    ],
    "high_gains": [
      0.3,
      0.057,
      -0.03
    ]
  },
  "tournament_config": {
    "rounds": 3,
    "pop_size": 10,
    "max_files": 10
  }
}