{
  "tournament_summary": [
    {
      "round": 1,
      "elites": [
        "champion_0",
        "champion_3"
      ],
      "revived": [
        "fc316c5b-9cb8-4214-b322-1e8d487d3da5"
      ],
      "new": [
        "3488c7f1-81a2-4454-9b29-2d2f8e2dd0a5",
        "5dd113dd-13cc-47f9-b877-3674df378307",
        "f25ae48c-985d-4f16-bd0f-87fe19b2febe",
        "bf3101a5-45b5-4861-8015-4dfb1365f8b8",
        "e1fd16a9-3241-4182-a175-d7bdb35368eb"
      ],
      "best_cost": 219.11531363300364
    },
    {
      "round": 2,
      "elites": [
        "champion_0",
        "champion_3"
      ],
      "revived": [
        "8efe71fe-6818-465e-878c-5d1be2ed0f27"
      ],
      "new": [
        "abe09019-92fd-4af3-a55e-511dc09d63f1",
        "10d5975c-67ef-4313-865e-918fb692ebfe",
        "1bbb3796-cfc0-4099-a993-efa34c182e57",
        "d908497e-071f-4ced-a2be-d7640b3439f0",
        "bfff086a-5302-44fd-bcc0-d3a85eb7f1dc"
      ],
      "best_cost": 219.11531363300364
    },
    {
      "round": 3,
      "elites": [
        "champion_0",
        "champion_3"
      ],
      "revived": [
        "3488c7f1-81a2-4454-9b29-2d2f8e2dd0a5"
      ],
      "new": [
        "d5c65be8-ee87-4680-9696-4cdd11acaa02",
        "2af55a31-7286-49d7-a0aa-fe62f84fdf96",
        "a8d7ec6d-c17e-43c3-80e6-6c1c9188d648",
        "d94bf4a0-8d6c-4898-9a82-ce9f16e319aa",
        "f6c95011-3d4d-4fed-9b10-113934c53ba0"
      ],
      "best_cost": 219.11531363300364
    }
  ]
}