{
  "tournament_summary": [
    {
      "round": 1,
      "elites": [
        "bcfcd1d9-cb89-432f-83dd-d2cadbe1514b"
      ],
      "revived": [
        "50f9a331-9056-4357-a37b-e2a5339a2b62"
      ],
      "new": [
        "a115a5da-e64d-49c8-978e-ecbbfe749c17",
        "c6b50fc4-8253-4a76-afec-2feb749c7820",
        "8c730d72-1555-42be-8bdd-bfa7a9661f27",
        "5b9554a8-9c7c-4005-8516-f7201ccb272b"
      ],
      "best_cost": 63.181532427538016
    },
    {
      "round": 2,
      "elites": [
        "8c730d72-1555-42be-8bdd-bfa7a9661f27"
      ],
      "revived": [
        "5b9554a8-9c7c-4005-8516-f7201ccb272b"
      ],
      "new": [
        "eeda306d-953b-48b6-b6f7-56ee9d7fa870",
        "6f4cf888-1eea-46c7-83b8-f01e97d6a31c",
        "08f969c9-2506-4a92-8201-e3e4f3d52734",
        "0f5c9861-3482-4efd-92cf-91cc6b4e9500"
      ],
      "best_cost": 59.87730674818058
    },
    {
      "round": 3,
      "elites": [
        "08f969c9-2506-4a92-8201-e3e4f3d52734"
      ],
      "revived": [
        "6f4cf888-1eea-46c7-83b8-f01e97d6a31c"
      ],
      "new": [
        "7a58f150-e0f8-4a7d-861f-270a449273d3",
        "2d615443-8f64-4a05-9c60-840b7ce9a63c",
        "e92533af-362e-46a1-88e8-7c02f6bfb295",
        "08c20d3b-0463-41bb-9efb-dc50ddda425a"
      ],
      "best_cost": 58.94887836229333
    }
  ]
}