{
  "tournament_summary": [
    {
      "round": 1,
      "elites": [
        "champion_0",
        "champion_1"
      ],
      "revived": [
        "5aa6ba5c-c409-4a1c-841b-6503ef52fded"
      ],
      "new": [
        "d1c2542a-c3b6-41f5-946a-1a0c8482d498",
        "5b244d53-3387-4980-a105-0fe17fbf6914"
      ],
      "best_cost": 1451.4867343177891
    },
    {
      "round": 2,
      "elites": [
        "d1c2542a-c3b6-41f5-946a-1a0c8482d498",
        "champion_0"
      ],
      "revived": [
        "champion_1"
      ],
      "new": [
        "1d29fc48-5bad-4033-8162-814615972f91",
        "c5571efb-863c-46d9-b102-7d03981f3866"
      ],
      "best_cost": 639.3202955158673
    },
    {
      "round": 3,
      "elites": [
        "1d29fc48-5bad-4033-8162-814615972f91",
        "d1c2542a-c3b6-41f5-946a-1a0c8482d498"
      ],
      "revived": [
        "champion_1"
      ],
      "new": [
        "9a66467c-e25c-48d3-bed0-4f7a1c7099b9",
        "e608a60e-e62f-49fe-a455-28733f3ffd92"
      ],
      "best_cost": 324.828377557437
    }
  ]
}