{
  "tournament_summary": [
    {
      "round": 1,
      "elites": [
        "32279631-ace2-4b02-b121-f803dfb83a70",
        "205bbcd3-40f4-479a-8cc3-2c0d61279a09",
        "ef7f6e59-47aa-47ff-a693-70d8b69149a5",
        "8d316853-3da8-4602-a9de-ce22b2a1883c",
        "13f4e94e-c955-440b-8814-94d4e422f6f5",
        "c6334925-a778-461d-80e2-4684a52ec7c4",
        "aff6c32b-159c-48d7-a3bf-eb12e20f172e",
        "2e03b907-eb51-423f-ab83-8944e39a5342",
        "fef0dfd6-b4ee-4117-b7ca-8fc81ad2330c",
        "23d6b01b-3b3a-4611-96b3-3fbaffad71cd",
        "11034674-6e08-42b0-9703-d45fd5d123e2",
        "b9c94b58-c8ed-46ca-aa4b-78248bd904d4",
        "88d50ee8-aec4-4564-844e-9574998ef242",
        "b070d927-e7bd-4b0b-8a37-700dcb8b148b",
        "7081662a-d7e5-4773-bb59-199be45806c7",
        "5b90f754-a4d1-4960-9b66-76aa75b20e9a",
        "754029a9-3e3e-4ba4-9044-51d6072ed7eb",
        "fbe4ea23-02c3-43af-97bc-95c601b31a59",
        "106db225-d7d9-4dc7-9f7a-64132e822eec",
        "83f8a411-a66a-4962-aaa3-c4b18d5d994a"
      ],
      "revived": [],
      "new": [],
      "best_cost": 335.6598324471218
    },
    {
      "round": 2,
      "elites": [
        "32279631-ace2-4b02-b121-f803dfb83a70",
        "205bbcd3-40f4-479a-8cc3-2c0d61279a09",
        "ef7f6e59-47aa-47ff-a693-70d8b69149a5",
        "8d316853-3da8-4602-a9de-ce22b2a1883c",
        "13f4e94e-c955-440b-8814-94d4e422f6f5",
        "c6334925-a778-461d-80e2-4684a52ec7c4",
        "aff6c32b-159c-48d7-a3bf-eb12e20f172e",
        "2e03b907-eb51-423f-ab83-8944e39a5342",
        "fef0dfd6-b4ee-4117-b7ca-8fc81ad2330c",
        "23d6b01b-3b3a-4611-96b3-3fbaffad71cd",
        "11034674-6e08-42b0-9703-d45fd5d123e2",
        "b9c94b58-c8ed-46ca-aa4b-78248bd904d4",
        "88d50ee8-aec4-4564-844e-9574998ef242",
        "b070d927-e7bd-4b0b-8a37-700dcb8b148b",
        "7081662a-d7e5-4773-bb59-199be45806c7",
        "5b90f754-a4d1-4960-9b66-76aa75b20e9a",
        "754029a9-3e3e-4ba4-9044-51d6072ed7eb",
        "fbe4ea23-02c3-43af-97bc-95c601b31a59",
        "106db225-d7d9-4dc7-9f7a-64132e822eec",
        "83f8a411-a66a-4962-aaa3-c4b18d5d994a"
      ],
      "revived": [],
      "new": [],
      "best_cost": 335.6598324471218
    },
    {
      "round": 3,
      "elites": [
        "32279631-ace2-4b02-b121-f803dfb83a70",
        "205bbcd3-40f4-479a-8cc3-2c0d61279a09",
        "ef7f6e59-47aa-47ff-a693-70d8b69149a5",
        "8d316853-3da8-4602-a9de-ce22b2a1883c",
        "13f4e94e-c955-440b-8814-94d4e422f6f5",
        "c6334925-a778-461d-80e2-4684a52ec7c4",
        "aff6c32b-159c-48d7-a3bf-eb12e20f172e",
        "2e03b907-eb51-423f-ab83-8944e39a5342",
        "fef0dfd6-b4ee-4117-b7ca-8fc81ad2330c",
        "23d6b01b-3b3a-4611-96b3-3fbaffad71cd",
        "11034674-6e08-42b0-9703-d45fd5d123e2",
        "b9c94b58-c8ed-46ca-aa4b-78248bd904d4",
        "88d50ee8-aec4-4564-844e-9574998ef242",
        "b070d927-e7bd-4b0b-8a37-700dcb8b148b",
        "7081662a-d7e5-4773-bb59-199be45806c7",
        "5b90f754-a4d1-4960-9b66-76aa75b20e9a",
        "754029a9-3e3e-4ba4-9044-51d6072ed7eb",
        "fbe4ea23-02c3-43af-97bc-95c601b31a59",
        "106db225-d7d9-4dc7-9f7a-64132e822eec",
        "83f8a411-a66a-4962-aaa3-c4b18d5d994a"
      ],
      "revived": [],
      "new": [],
      "best_cost": 335.6598324471218
    },
    {
      "round": 4,
      "elites": [
        "32279631-ace2-4b02-b121-f803dfb83a70",
        "205bbcd3-40f4-479a-8cc3-2c0d61279a09",
        "ef7f6e59-47aa-47ff-a693-70d8b69149a5",
        "8d316853-3da8-4602-a9de-ce22b2a1883c",
        "13f4e94e-c955-440b-8814-94d4e422f6f5",
        "c6334925-a778-461d-80e2-4684a52ec7c4",
        "aff6c32b-159c-48d7-a3bf-eb12e20f172e",
        "2e03b907-eb51-423f-ab83-8944e39a5342",
        "fef0dfd6-b4ee-4117-b7ca-8fc81ad2330c",
        "23d6b01b-3b3a-4611-96b3-3fbaffad71cd",
        "11034674-6e08-42b0-9703-d45fd5d123e2",
        "b9c94b58-c8ed-46ca-aa4b-78248bd904d4",
        "88d50ee8-aec4-4564-844e-9574998ef242",
        "b070d927-e7bd-4b0b-8a37-700dcb8b148b",
        "7081662a-d7e5-4773-bb59-199be45806c7",
        "5b90f754-a4d1-4960-9b66-76aa75b20e9a",
        "754029a9-3e3e-4ba4-9044-51d6072ed7eb",
        "fbe4ea23-02c3-43af-97bc-95c601b31a59",
        "106db225-d7d9-4dc7-9f7a-64132e822eec",
        "83f8a411-a66a-4962-aaa3-c4b18d5d994a"
      ],
      "revived": [],
      "new": [],
      "best_cost": 335.6598324471218
    },
    {
      "round": 5,
      "elites": [
        "32279631-ace2-4b02-b121-f803dfb83a70",
        "205bbcd3-40f4-479a-8cc3-2c0d61279a09",
        "ef7f6e59-47aa-47ff-a693-70d8b69149a5",
        "8d316853-3da8-4602-a9de-ce22b2a1883c",
        "13f4e94e-c955-440b-8814-94d4e422f6f5",
        "c6334925-a778-461d-80e2-4684a52ec7c4",
        "aff6c32b-159c-48d7-a3bf-eb12e20f172e",
        "2e03b907-eb51-423f-ab83-8944e39a5342",
        "fef0dfd6-b4ee-4117-b7ca-8fc81ad2330c",
        "23d6b01b-3b3a-4611-96b3-3fbaffad71cd",
        "11034674-6e08-42b0-9703-d45fd5d123e2",
        "b9c94b58-c8ed-46ca-aa4b-78248bd904d4",
        "88d50ee8-aec4-4564-844e-9574998ef242",
        "b070d927-e7bd-4b0b-8a37-700dcb8b148b",
        "7081662a-d7e5-4773-bb59-199be45806c7",
        "5b90f754-a4d1-4960-9b66-76aa75b20e9a",
        "754029a9-3e3e-4ba4-9044-51d6072ed7eb",
        "fbe4ea23-02c3-43af-97bc-95c601b31a59",
        "106db225-d7d9-4dc7-9f7a-64132e822eec",
        "83f8a411-a66a-4962-aaa3-c4b18d5d994a"
      ],
      "revived": [],
      "new": [],
      "best_cost": 335.6598324471218
    },
    {
      "round": 6,
      "elites": [
        "32279631-ace2-4b02-b121-f803dfb83a70",
        "205bbcd3-40f4-479a-8cc3-2c0d61279a09",
        "ef7f6e59-47aa-47ff-a693-70d8b69149a5",
        "8d316853-3da8-4602-a9de-ce22b2a1883c",
        "13f4e94e-c955-440b-8814-94d4e422f6f5",
        "c6334925-a778-461d-80e2-4684a52ec7c4",
        "aff6c32b-159c-48d7-a3bf-eb12e20f172e",
        "2e03b907-eb51-423f-ab83-8944e39a5342",
        "fef0dfd6-b4ee-4117-b7ca-8fc81ad2330c",
        "23d6b01b-3b3a-4611-96b3-3fbaffad71cd",
        "11034674-6e08-42b0-9703-d45fd5d123e2",
        "b9c94b58-c8ed-46ca-aa4b-78248bd904d4",
        "88d50ee8-aec4-4564-844e-9574998ef242",
        "b070d927-e7bd-4b0b-8a37-700dcb8b148b",
        "7081662a-d7e5-4773-bb59-199be45806c7",
        "5b90f754-a4d1-4960-9b66-76aa75b20e9a",
        "754029a9-3e3e-4ba4-9044-51d6072ed7eb",
        "fbe4ea23-02c3-43af-97bc-95c601b31a59",
        "106db225-d7d9-4dc7-9f7a-64132e822eec",
        "83f8a411-a66a-4962-aaa3-c4b18d5d994a"
      ],
      "revived": [],
      "new": [],
      "best_cost": 335.6598324471218
    },
    {
      "round": 7,
      "elites": [
        "32279631-ace2-4b02-b121-f803dfb83a70",
        "205bbcd3-40f4-479a-8cc3-2c0d61279a09",
        "ef7f6e59-47aa-47ff-a693-70d8b69149a5",
        "8d316853-3da8-4602-a9de-ce22b2a1883c",
        "13f4e94e-c955-440b-8814-94d4e422f6f5",
        "c6334925-a778-461d-80e2-4684a52ec7c4",
        "aff6c32b-159c-48d7-a3bf-eb12e20f172e",
        "2e03b907-eb51-423f-ab83-8944e39a5342",
        "fef0dfd6-b4ee-4117-b7ca-8fc81ad2330c",
        "23d6b01b-3b3a-4611-96b3-3fbaffad71cd",
        "11034674-6e08-42b0-9703-d45fd5d123e2",
        "b9c94b58-c8ed-46ca-aa4b-78248bd904d4",
        "88d50ee8-aec4-4564-844e-9574998ef242",
        "b070d927-e7bd-4b0b-8a37-700dcb8b148b",
        "7081662a-d7e5-4773-bb59-199be45806c7",
        "5b90f754-a4d1-4960-9b66-76aa75b20e9a",
        "754029a9-3e3e-4ba4-9044-51d6072ed7eb",
        "fbe4ea23-02c3-43af-97bc-95c601b31a59",
        "106db225-d7d9-4dc7-9f7a-64132e822eec",
        "83f8a411-a66a-4962-aaa3-c4b18d5d994a"
      ],
      "revived": [],
      "new": [],
      "best_cost": 335.6598324471218
    },
    {
      "round": 8,