{
  "tournament_summary": [
    {
      "round": 1,
      "elites": [
        "champion_1",
        "champion_2",
        "champion_3",
        "champion_4",
        "champion_5",
        "champion_6"
      ],
      "revived": [
        "3e6e30bf-2f5e-4acf-b4fd-29226d8e4f4e",
        "36c464f8-4a08-4170-a754-4b018ec8c7af",
        "1762b054-c165-41ef-af9e-5f2c78510e68",
        "champion_9"
      ],
      "new": [
        "f3929362-f658-4186-ba4a-cc035b7acbbf",
        "5c410951-74ee-494a-8b04-e759698ccd18",
        "45b75af6-90b7-40e8-a61a-3c93d7c841dc",
        "31303ab0-3628-4dff-89c4-f1d7b64e1050",
        "7d99e2aa-c132-4e72-8a70-95c010a14e17",
        "1f1f06ed-05db-45fa-9caf-8fb9d3bfbe88",
        "46961b17-a37e-4e8a-8a5e-054d30d3b577",
        "44adc110-7d71-4961-b516-947aa89082bb",
        "a9bd4977-b71d-4c0f-9698-36cfd3b99806",
        "41ba5cf1-cf13-424a-8c6a-248e4337217d"
      ],
      "best_cost": 72.49696518443244
    },
    {
      "round": 2,
      "elites": [
        "44adc110-7d71-4961-b516-947aa89082bb",
        "champion_1",
        "champion_2",
        "champion_3",
        "champion_4",
        "champion_5"
      ],
      "revived": [
        "31303ab0-3628-4dff-89c4-f1d7b64e1050",
        "3402e51f-92e8-46bc-9705-25bd97749327",
        "36c464f8-4a08-4170-a754-4b018ec8c7af",
        "d442ea07-efa3-4600-9557-a92280872f75"
      ],
      "new": [
        "692b1137-4196-4400-96e1-6e703d696d67",
        "1ad6bbef-6208-41cc-8d18-6dea20034caf",
        "9d016a8b-0cb8-439a-8829-ab3df667832d",
        "0a7bb583-cfa9-4943-915f-52efb078eebd",
        "2004de94-ceed-4140-92a3-0cece69da48f",
        "486e5628-f98f-465c-8bea-0d02ae8896fd",
        "b4fffb1e-d7cc-4c0c-a9eb-66a463beb3e8",
        "910b223f-6c32-493f-9ef4-49576d679df1",
        "933406e1-2d9a-4671-b09f-666dedf45349",
        "e34cddbd-307c-42ae-8a67-079ed6f0bf3b"
      ],
      "best_cost": 72.24218730017691
    },
    {
      "round": 3,
      "elites": [
        "44adc110-7d71-4961-b516-947aa89082bb",
        "champion_1",
        "champion_2",
        "champion_3",
        "champion_4",
        "champion_5"
      ],
      "revived": [
        "champion_9",
        "46961b17-a37e-4e8a-8a5e-054d30d3b577",
        "9c017133-5d5b-4ebf-89f8-15d719e48630",
        "3e6e30bf-2f5e-4acf-b4fd-29226d8e4f4e"
      ],
      "new": [
        "b454f974-25c0-4a4a-9133-c443a432678e",
        "2574a312-1663-40a7-98df-36600cb43edc",
        "b4a416a7-b402-438a-8763-ec0c93cbefe3",
        "d36fe72e-7a3b-4002-837d-66661d378656",
        "ec369a3d-8bd8-4e28-865f-600bc3f59769",
        "a0d758df-3aa3-4f48-b975-b8eecb48e1b4",
        "8b207768-5d5a-4e87-826e-b347401650b3",
        "29f666ff-6138-44d7-8cf9-9acc36c384cb",
        "69f0517c-edbc-4263-9c18-fecb4847d911",
        "df84f427-6635-4a04-a198-6526eb158ffe"
      ],
      "best_cost": 72.24218730017691
    },
    {
      "round": 4,
      "elites": [
        "44adc110-7d71-4961-b516-947aa89082bb",
        "champion_1",
        "champion_2",
        "champion_3",
        "champion_4",
        "champion_5"
      ],
      "revived": [
        "e34cddbd-307c-42ae-8a67-079ed6f0bf3b",
        "1ad6bbef-6208-41cc-8d18-6dea20034caf",
        "5c410951-74ee-494a-8b04-e759698ccd18",
        "3402e51f-92e8-46bc-9705-25bd97749327"
      ],
      "new": [
        "9f9b2ea6-33b5-492c-90f6-1c5343c3c0c2",
        "f2856b96-2755-460e-9fde-aac092490719",
        "963a28a3-eaad-4361-8cbd-9180680c4269",
        "47349b03-bf0f-4062-9ec1-59e53ff25fd1",
        "b4a4d73c-645b-492f-bc46-c77ac00b9495",
        "6e31e7c8-0e99-45ed-876d-edc47376c3bf",
        "37beea47-d3a0-4468-8a22-24510e09fc69",
        "c66cb71e-584c-406e-b59d-de3c08fb99c7",
        "234f22bf-e871-4e7b-bae8-8ef41b7851d7",
        "5d74f91e-e442-469c-8b1f-8a38bc309a10"
      ],
      "best_cost": 72.24218730017691
    },
    {
      "round": 5,
      "elites": [
        "44adc110-7d71-4961-b516-947aa89082bb",
        "champion_1",
        "champion_2",
        "champion_3",
        "champion_4",
        "champion_5"
      ],
      "revived": [
        "ec369a3d-8bd8-4e28-865f-600bc3f59769",
        "933406e1-2d9a-4671-b09f-666dedf45349",
        "46961b17-a37e-4e8a-8a5e-054d30d3b577",
        "31303ab0-3628-4dff-89c4-f1d7b64e1050"
      ],
      "new": [
        "b9e68c8b-df14-4c8d-b032-ca5c91bf2e86",
        "451fe9b1-99d9-401c-9b9c-f0c6ed78042f",
        "b8dfdf88-fbe3-48fb-b85d-51a94dccb303",
        "cba75f83-c36d-42ae-8db6-dd4eb8d2d566",
        "127d1fc6-48b7-4ca0-ba52-6f8ffff0310b",
        "e8153549-7263-4493-96fe-3e4c86517291",
        "c8819276-07ce-4817-9eee-8f83d52da6af",
        "36ee243a-7631-4a2d-80dd-c4338b615f66",
        "52b78fab-3127-42ff-89a7-4e78416402b1",
        "628cde13-47d6-4afc-bd6e-b83a15a757d0"
      ],
      "best_cost": 72.24218730017691
    },
    {
      "round": 6,
      "elites": [
        "44adc110-7d71-4961-b516-947aa89082bb",
        "champion_1",
        "champion_2",
        "champion_3",
        "champion_4",
        "champion_5"
      ],
      "revived": [
        "3e6e30bf-2f5e-4acf-b4fd-29226d8e4f4e",
        "2574a312-1663-40a7-98df-36600cb43edc",
        "36c464f8-4a08-4170-a754-4b018ec8c7af",
        "a9bd4977-b71d-4c0f-9698-36cfd3b99806"
      ],
      "new": [
        "628fcd49-2a51-44f1-9042-898e5a0c7f05",
        "149ff261-23e6-4cde-a0f9-d9cb37719f98",
        "cf996958-6570-443e-93e6-aab553a361fb",
        "7c2a1e38-3a6f-4032-ba9b-381d3e5050e6",
        "43576fa6-4dc7-4e63-8e47-57a9569440b8",
        "69ecbccc-91be-4438-8b12-0d710a15ac6e",
        "74149f94-c078-432c-ae2d-ca8143347039",
        "8ca6143f-59ea-4fdf-8113-0090de1383b0",
        "91593f52-ace2-49f6-829b-8f528504e1d0",
        "207af0b0-db80-45c1-80ec-5919f2b38d2c"
      ],
      "best_cost": 72.24218730017691
    },
    {
      "round": 7,
      "elites": [
        "44adc110-7d71-4961-b516-947aa89082bb",
        "champion_1",
        "champion_2",
        "champion_3",
        "champion_4",
        "champion_5"
      ],
      "revived": [
        "5d74f91e-e442-469c-8b1f-8a38bc309a10",
        "df84f427-6635-4a04-a198-6526eb158ffe",
        "9d016a8b-0cb8-439a-8829-ab3df667832d",
        "1762b054-c165-41ef-af9e-5f2c78510e68"
      ],
      "new": [
        "3437a0ef-601e-4be1-9727-92cbbb0d900d",
        "138512c5-1718-4127-8413-630594377f67",
        "be4f7048-711f-494e-b2ee-c84bb2cb4ddf",
        "07265bc3-3a52-4c21-a6ec-3af4c9f84251",
        "8690ce74-4ef8-416b-8b8f-d4620789abfe",
        "e5efb113-547a-4ff8-8bc8-7b45667d2ec8",
        "83e1763c-372a-498a-a226-cc3eaccd9f3f",
        "06e28c32-9a63-4ece-b11c-630df5b55f1b",
        "1244a9d2-e69a-4efc-bfca-a34568c0946b",
        "4e07c612-2f5c-420b-9afe-cb52fd65af4c"
      ],
      "best_cost": 72.24218730017691
    },
    {
      "round": 8,
      "elites": [
        "44adc110-7d71-4961-b516-947aa89082bb",
        "champion_1",
        "champion_2",
        "champion_3",
        "champion_4",
        "champion_5"
      ],
      "revived": [
        "127d1fc6-48b7-4ca0-ba52-6f8ffff0310b",
        "963a28a3-eaad-4361-8cbd-9180680c4269",
        "b4fffb1e-d7cc-4c0c-a9eb-66a463beb3e8",
        "9d016a8b-0cb8-439a-8829-ab3df667832d"
      ],
      "new": [
        "a0f8676a-720b-481e-9696-e5ceaad81399",
        "c49ab3e7-5508-491d-afc9-2db4197f3b0e",
        "8a90ab03-566d-435c-94f4-1db45ba32987",
        "c1b88c4e-212f-438d-8667-14dee82908dd",
        "6215ad9c-f110-461b-9ff9-268ec75f33a3",
        "dbf3fd32-b5a8-4287-8af8-645de7947d93",
        "dc717e0e-abec-4139-9a02-2502cb0a0db1",
        "fdbf3e48-5b89-4d5c-9c4a-1d97f7ba4c36",
        "a7433012-f2ff-49a2-8ec0-73583e9b3a80",
        "6271ec33-b457-4793-8893-8319827194e1"
      ],
      "best_cost": 72.24218730017691
    },
    {
      "round": 9,
      "elites": [
        "44adc110-7d71-4961-b516-947aa89082bb",
        "champion_1",
        "champion_2",
        "champion_3",
        "champion_4",
        "champion_5"
      ],