{
  "archive": [
    {
      "id": "86f907e5-67ef-430f-b99a-77b02fa2b43a",
      "gains": {
        "low": [
          0.3386634997428384,
          0.07410632367554354,
          -0.05033862824667232
        ],
        "high": [
          0.3574138215891104,
          0.03145299128185962,
          -0.1475358259938303
        ],
        "dyn": [
          0.7638376536007836,
          0.027095768803038406,
          -0.2436938781881611
        ]
      },
      "stats": {
        "avg_total_cost": 12221.409610935785,
        "std_cost": 737.5413505074148,
        "min_cost": 11483.868260428371,
        "max_cost": 12958.9509614432,
        "num_files": 2
      },
      "rounds_survived": 1,
      "status": "active"
    },
    {
      "id": "2d392818-f0b4-41d4-af09-c807be510457",
      "gains": {
        "low": [
          0.36521678757251147,
          0.08343894711478728,
          -0.08855984456602586
        ],
        "high": [
          0.2418125672846068,
          0.06841015946946456,
          -0.03646231813408091
        ],
        "dyn": [
          0.33782551835269053,
          0.11758411499604428,
          -0.1723884202019354
        ]
      },
      "stats": {
        "avg_total_cost": 41059.440372557685,
        "std_cost": 4887.131666993315,
        "min_cost": 36172.30870556437,
        "max_cost": 45946.572039551,
        "num_files": 2
      },
      "rounds_survived": 0,
      "status": "eliminated"
    },
    {
      "id": "c2306022-c99e-43f2-8357-a62e7f879dbc",
      "gains": {
        "low": [
          0.4070845313431667,
          0.012601971173693355,
          -0.17742457455985336
        ],
        "high": [
          0.3975204428671707,
          0.009025214443355604,
          -0.0737571819252091
        ],
        "dyn": [
          0.45108808294846103,
          0.045673651501409736,
          -0.11776493654475056
        ]
      },
      "stats": {
        "avg_total_cost": 9715.298623767314,
        "std_cost": 545.9985179995629,
        "min_cost": 9169.300105767752,
        "max_cost": 10261.297141766878,
        "num_files": 2
      },
      "rounds_survived": 1,
      "status": "active"
    },
    {
      "id": "00f2d48b-a1a4-41e3-b763-c550f110cf87",
      "gains": {
        "low": [
          0.40814394880927685,
          -0.029271511739322,
          -0.16906538618892744
        ],
        "high": [
          0.4074364619518505,
          -0.024182567627010765,
          -0.15354981078523192
        ],
        "dyn": [
          0.41242240820803205,
          0.06314039778039358,
          -0.0763512727499703
        ]
      },
      "stats": {},
      "rounds_survived": 0,
      "status": "active"
    },
    {
      "id": "86f907e5-67ef-430f-b99a-77b02fa2b43a",
      "gains": {
        "low": [
          0.3386634997428384,
          0.07410632367554354,
          -0.05033862824667232
        ],
        "high": [
          0.3574138215891104,
          0.03145299128185962,
          -0.1475358259938303
        ],
        "dyn": [
          0.7638376536007836,
          0.027095768803038406,
          -0.2436938781881611
        ]
      },
      "stats": {
        "avg_total_cost": 12221.409610935785,
        "std_cost": 737.5413505074148,
        "min_cost": 11483.868260428371,
        "max_cost": 12958.9509614432,
        "num_files": 2
      },
      "rounds_survived": 1,
      "status": "active"
    }
  ]
}