{
  "archive": [
    {
      "id": "4de12332-bdfd-4f69-be03-f1ccd8fb27f8",
      "gains": {
        "low": [
          0.4391085903140501,
          0.019871734161185796,
          -0.20363253345055718
        ],
        "high": [
          0.2851190384617497,
          0.07872518718064607,
          -0.08770443588146187
        ],
        "dyn": [
          0.4078403252932724,
          0.04756486940485596,
          -0.1818576932414381
        ]
      },
      "stats": {
        "avg_total_cost": 15053.406798551683,
        "std_cost": 1227.7217801657214,
        "min_cost": 13388.34381799932,
        "max_cost": 16312.113261503986,
        "num_files": 3
      },
      "rounds_survived": 2,
      "status": "active"
    },
    {
      "id": "1812ce7d-531e-45c7-b097-42ec6e2c1973",
      "gains": {
        "low": [
          0.5894059108786316,
          0.08207848598386322,
          -0.15703316165932435
        ],
        "high": [
          0.27667294520468366,
          0.012207863921342533,
          -0.07932349438026944
        ],
        "dyn": [
          0.3653426225978534,
          0.021666588635352247,
          -0.08841465752309716
        ]
      },
      "stats": {
        "avg_total_cost": 12254.611399533382,
        "std_cost": 846.1179592115961,
        "min_cost": 11060.531585011675,
        "max_cost": 12918.75904676846,
        "num_files": 3
      },
      "rounds_survived": 1,
      "status": "eliminated"
    },
    {
      "id": "5b64ebaf-c454-4a9c-8c80-8a6ffedfd761",
      "gains": {
        "low": [
          0.4412694808765599,
          0.032636797786809196,
          -0.06802846202526022
        ],
        "high": [
          0.35204855620089015,
          0.021599987591670464,
          -0.11885216399766384
        ],
        "dyn": [
          0.7688593123739764,
          0.08861605399987293,
          -0.20398611582020731
        ]
      },
      "stats": {
        "avg_total_cost": 14799.5202794125,
        "std_cost": 1763.422893241605,
        "min_cost": 12315.62719649836,
        "max_cost": 16234.331579447593,
        "num_files": 3
      },
      "rounds_survived": 0,
      "status": "eliminated"
    },
    {
      "id": "e8e36f68-6fc6-4d6a-b802-a3c1dad8305e",
      "gains": {
        "low": [
          0.5371748127246608,
          0.11803897278663542,
          -0.19620124796303387
        ],
        "high": [
          0.17078299026299573,
          0.0471118974827942,
          -0.03437060686328636
        ],
        "dyn": [
          0.7429778166294783,
          0.0988561591009454,
          -0.1333953015782916
        ]
      },
      "stats": {
        "avg_total_cost": 34863.77092028136,
        "std_cost": 3251.581758075745,
        "min_cost": 31676.070848031624,
        "max_cost": 39327.83037057982,
        "num_files": 3
      },
      "rounds_survived": 0,
      "status": "eliminated"
    },
    {
      "id": "d95e4c96-d0e4-4fbc-948d-8fadc44bb002",
      "gains": {
        "low": [
          0.6174363175045158,
          0.021887351376408362,
          -0.1364167909774837
        ],
        "high": [
          0.3732994532373818,
          0.04930833267365435,
          -0.07563320330639546
        ],
        "dyn": [
          0.4243381118691387,
          -0.008680077670250641,
          -0.14375528825366107
        ]
      },
      "stats": {
        "avg_total_cost": 10676.336080617797,
        "std_cost": 870.3283964227672,
        "min_cost": 9570.338952192431,
        "max_cost": 11697.079276404025,
        "num_files": 3
      },
      "rounds_survived": 1,
      "status": "active"
    },
    {
      "id": "3becff9e-9f09-48bf-9789-fb4f9f0ee0b3",
      "gains": {
        "low": [
          0.5611098636243269,
          0.03756065406102326,
          -0.17455562864242724
        ],
        "high": [
          0.31582195049418954,
          0.06527461201037055,
          -0.03594508611513568
        ],
        "dyn": [
          0.39717234398093687,
          0.029607225273179584,
          -0.0687071654326727
        ]
      },
      "stats": {
        "avg_total_cost": 14060.152139349762,
        "std_cost": 1437.7651794548533,
        "min_cost": 12027.217529269767,
        "max_cost": 15110.319892954083,
        "num_files": 3
      },
      "rounds_survived": 0,
      "status": "eliminated"
    },
    {
      "id": "4de12332-bdfd-4f69-be03-f1ccd8fb27f8",
      "gains": {
        "low": [
          0.4391085903140501,
          0.019871734161185796,
          -0.20363253345055718
        ],
        "high": [
          0.2851190384617497,
          0.07872518718064607,
          -0.08770443588146187
        ],
        "dyn": [
          0.4078403252932724,
          0.04756486940485596,
          -0.1818576932414381
        ]
      },
      "stats": {
        "avg_total_cost": 15053.406798551683,
        "std_cost": 1227.7217801657214,
        "min_cost": 13388.34381799932,
        "max_cost": 16312.113261503986,
        "num_files": 3
      },
      "rounds_survived": 2,
      "status": "active"
    },
    {
      "id": "30d61ff7-7021-496f-9f8a-d03156068a2d",
      "gains": {
        "low": [
          0.6454667241304,
          -0.038303783231046495,
          -0.11580042029564303
        ],
        "high": [
          0.4699259612700799,
          0.08640880142596616,
          -0.07194291223252149
        ],
        "dyn": [
          0.48333360114042406,
          -0.039026743975853526,
          -0.199095918984225
        ]
      },
      "stats": {},
      "rounds_survived": 0,
      "status": "active"
    },
    {
      "id": "6148b8da-bfe9-4034-b0ae-2ae0d52950cf",
      "gains": {
        "low": [
          0.5891402702502111,
          -0.022630480546431596,
          -0.1539392579605866
        ],
        "high": [
          0.41244845852688766,
          0.10237508076268237,
          -0.032254795041261705
        ],
        "dyn": [
          0.4561678332522222,
          -0.0007394410324233023,
          -0.12404779616323662
        ]
      },
      "stats": {},
      "rounds_survived": 0,
      "status": "active"
    },
    {
      "id": "4de12332-bdfd-4f69-be03-f1ccd8fb27f8",
      "gains": {
        "low": [
          0.4391085903140501,
          0.019871734161185796,
          -0.20363253345055718
        ],
        "high": [
          0.2851190384617497,
          0.07872518718064607,
          -0.08770443588146187
        ],
        "dyn": [
          0.4078403252932724,
          0.04756486940485596,
          -0.1818576932414381
        ]
      },
      "stats": {
        "avg_total_cost": 15053.406798551683,
        "std_cost": 1227.7217801657214,
        "min_cost": 13388.34381799932,
        "max_cost": 16312.113261503986,
        "num_files": 3
      },
      "rounds_survived": 2,
      "status": "active"
    }
  ]
}